-- Datos de arranque para ssbpharma (catálogos + config vacía + métodos).
-- SIN credenciales, SIN clientes/pedidos. Seguro para repo público.

-- roles (upsert: no clobbera FK de administradores)
INSERT INTO `roles` (`id`, `nombre`, `codigo`, `nivel_jerarquico`, `descripcion`, `permisos`, `created_at`, `updated_at`) VALUES
(1, 'Administrador', 'admin', 0, 'Acceso total al sistema con todos los privilegios (crear, leer, actualizar, eliminar)', '{\"leer\": true, \"crear\": true, \"eliminar\": true, \"actualizar\": true, \"acceso_total\": true, \"administrar_roles\": true, \"administrar_usuarios\": true, \"ver_reportes_completos\": true}', '2026-01-15 16:44:28', '2026-01-15 16:44:28'),
(2, 'Director General', 'director_general', 1, 'Máxima autoridad ejecutiva. Solo lectura, supervisa toda la organización', '{\"leer\": true, \"crear\": false, \"eliminar\": false, \"crear_qrs\": false, \"actualizar\": false, \"gestionar_pedidos\": false, \"crear_representantes\": false, \"ver_toda_organizacion\": true, \"ver_reportes_completos\": true}', '2026-01-15 16:44:28', '2026-04-29 22:38:27'),
(3, 'Gerente Nacional', 'director_unidad', 2, 'Dirige una unidad de negocio. Solo lectura, reporta al Director General', '{\"leer\": true, \"crear\": false, \"eliminar\": false, \"crear_qrs\": false, \"actualizar\": false, \"ver_subordinados\": true, \"gestionar_pedidos\": false, \"ver_reportes_unidad\": true, \"crear_representantes\": false}', '2026-01-15 16:44:28', '2026-05-05 22:07:47'),
(4, 'Gerente de Distrito', 'gerente', 3, 'Gestiona equipos operativos. Solo lectura, reporta a Director de Unidad', '{\"leer\": true, \"crear\": false, \"eliminar\": false, \"crear_qrs\": false, \"actualizar\": false, \"ver_subordinados\": true, \"gestionar_pedidos\": false, \"crear_representantes\": false, \"ver_reportes_gerencia\": true}', '2026-01-15 16:44:28', '2026-05-05 22:07:47'),
(5, 'Representante', 'representante', 4, 'Representante de ventas. Solo lectura, reporta a Gerente', '{\"leer\": true, \"crear\": false, \"eliminar\": false, \"crear_qrs\": false, \"actualizar\": false, \"gestionar_pedidos\": false, \"ver_propios_datos\": true, \"crear_venta_directa\": true, \"ver_propios_pedidos\": true, \"crear_representantes\": false, \"ver_metricas_propias\": true, \"ver_propios_clientes\": true, \"ver_inventario_propio\": true, \"solicitar_consignacion\": true}', '2026-01-15 16:44:28', '2026-04-29 22:38:27'),
(6, 'Viewer', 'viewer', 5, 'Solo lectura dashboard', '{\"dashboard\": true, \"solo_lectura\": true}', '2026-06-06 00:53:43', '2026-06-06 00:53:43') ON DUPLICATE KEY UPDATE nombre=VALUES(nombre), codigo=VALUES(codigo), nivel_jerarquico=VALUES(nivel_jerarquico), descripcion=VALUES(descripcion), permisos=VALUES(permisos);

-- especialidades
DELETE FROM `especialidades`;
INSERT INTO `especialidades` (`id`, `nombre`, `activo`, `orden`, `created_at`) VALUES
(1, 'Medicina Interna', 1, 1, '2026-05-04 22:39:23'),
(2, 'Pediatría', 1, 2, '2026-05-04 22:39:23'),
(3, 'Ginecología', 1, 3, '2026-05-04 22:39:23'),
(4, 'Cardiología', 1, 4, '2026-05-04 22:39:23'),
(5, 'Dermatología', 1, 5, '2026-05-04 22:39:23'),
(6, 'Oftalmología', 1, 6, '2026-05-04 22:39:23'),
(7, 'Psiquiatría', 1, 7, '2026-05-04 22:39:23'),
(8, 'Ortopedia', 1, 8, '2026-05-04 22:39:23'),
(9, 'Nutrición', 1, 9, '2026-06-03 22:42:52'),
(10, 'Bariatría', 1, 10, '2026-06-03 22:42:56'),
(11, 'Medicina del deporte', 1, 11, '2026-06-03 22:42:58'),
(12, 'Traumatología', 1, 12, '2026-06-03 22:43:02'),
(13, 'Endocrinología', 1, 13, '2026-06-03 22:43:04'),
(14, 'Health Coach', 1, 14, '2026-06-03 22:43:07');

-- estados + municipios
DELETE FROM `municipios`;
DELETE FROM `estados`;
INSERT INTO `estados` (`id`, `nombre`) VALUES
(1, 'Aguascalientes'),
(2, 'Baja California'),
(3, 'Baja California Sur'),
(4, 'Campeche'),
(5, 'Chiapas'),
(6, 'Chihuahua'),
(7, 'Ciudad de México'),
(8, 'Coahuila'),
(9, 'Colima'),
(10, 'Durango'),
(11, 'Estado de México'),
(12, 'Guanajuato'),
(13, 'Guerrero'),
(14, 'Hidalgo'),
(15, 'Jalisco'),
(16, 'Michoacán'),
(17, 'Morelos'),
(18, 'Nayarit'),
(19, 'Nuevo León'),
(20, 'Oaxaca'),
(21, 'Puebla'),
(22, 'Querétaro'),
(23, 'Quintana Roo'),
(24, 'San Luis Potosí'),
(25, 'Sinaloa'),
(26, 'Sonora'),
(27, 'Tabasco'),
(28, 'Tamaulipas'),
(29, 'Tlaxcala'),
(30, 'Veracruz'),
(31, 'Yucatán'),
(32, 'Zacatecas');
INSERT INTO `municipios` (`id`, `estado_id`, `nombre`) VALUES
(1, 1, 'Aguascalientes'),
(2, 1, 'Asientos'),
(3, 1, 'Calvillo'),
(4, 1, 'Cosío'),
(5, 1, 'El Llano'),
(6, 1, 'Jesús María'),
(7, 1, 'Pabellón de Arteaga'),
(8, 1, 'Rincón de Romos'),
(9, 1, 'San Francisco de los Romo'),
(10, 1, 'San José de Gracia'),
(11, 1, 'Tepezalá'),
(16, 2, 'Ensenada'),
(17, 2, 'Mexicali'),
(18, 2, 'Playas de Rosarito'),
(19, 2, 'Tecate'),
(20, 2, 'Tijuana'),
(23, 3, 'Comondú'),
(24, 3, 'La Paz'),
(25, 3, 'Loreto'),
(26, 3, 'Los Cabos'),
(27, 3, 'Mulegé'),
(30, 4, 'Calakmul'),
(31, 4, 'Calkiní'),
(32, 4, 'Campeche'),
(33, 4, 'Candelaria'),
(34, 4, 'Carmen'),
(35, 4, 'Champotón'),
(36, 4, 'Escárcega'),
(37, 4, 'Hecelchakán'),
(38, 4, 'Hopelchén'),
(39, 4, 'Palizada'),
(40, 4, 'Tenabo'),
(45, 5, 'Berriozábal'),
(46, 5, 'Comitán de Domínguez'),
(47, 5, 'Chiapa de Corzo'),
(48, 5, 'Ocosingo'),
(49, 5, 'Palenque'),
(50, 5, 'San Cristóbal de las Casas'),
(51, 5, 'Tapachula'),
(52, 5, 'Tonalá'),
(53, 5, 'Tuxtla Chico'),
(54, 5, 'Tuxtla Gutiérrez'),
(55, 5, 'Villaflores'),
(60, 6, 'Chihuahua'),
(61, 6, 'Ciudad Juárez'),
(62, 6, 'Cuauhtémoc'),
(63, 6, 'Delicias'),
(64, 6, 'Hidalgo del Parral'),
(65, 6, 'Jiménez'),
(66, 6, 'Ojinaga'),
(67, 6, 'Saucillo'),
(75, 7, 'Álvaro Obregón'),
(76, 7, 'Azcapotzalco'),
(77, 7, 'Benito Juárez'),
(78, 7, 'Coyoacán'),
(79, 7, 'Cuajimalpa de Morelos'),
(80, 7, 'Cuauhtémoc'),
(81, 7, 'Gustavo A. Madero'),
(82, 7, 'Iztacalco'),
(83, 7, 'Iztapalapa'),
(84, 7, 'La Magdalena Contreras'),
(85, 7, 'Miguel Hidalgo'),
(86, 7, 'Milpa Alta'),
(87, 7, 'Tláhuac'),
(88, 7, 'Tlalpan'),
(89, 7, 'Venustiano Carranza'),
(90, 7, 'Xochimilco'),
(106, 8, 'Acuña'),
(107, 8, 'Monclova'),
(108, 8, 'Piedras Negras'),
(109, 8, 'Ramos Arizpe'),
(110, 8, 'Saltillo'),
(111, 8, 'Torreón'),
(113, 9, 'Armería'),
(114, 9, 'Colima'),
(115, 9, 'Comala'),
(116, 9, 'Coquimatlán'),
(117, 9, 'Cuauhtémoc'),
(118, 9, 'Ixtlahuacán'),
(119, 9, 'Manzanillo'),
(120, 9, 'Minatitlán'),
(121, 9, 'Tecomán'),
(122, 9, 'Villa de Álvarez'),
(128, 10, 'Canatlán'),
(129, 10, 'Durango'),
(130, 10, 'El Salto'),
(131, 10, 'Gómez Palacio'),
(132, 10, 'Lerdo'),
(133, 10, 'Nombre de Dios'),
(134, 10, 'Santiago Papasquiaro'),
(135, 10, 'Vicente Guerrero'),
(143, 11, 'Atizapán de Zaragoza'),
(144, 11, 'Chalco'),
(145, 11, 'Chimalhuacán'),
(146, 11, 'Coacalco de Berriozábal'),
(147, 11, 'Cuautitlán'),
(148, 11, 'Cuautitlán Izcalli'),
(149, 11, 'Ecatepec de Morelos'),
(150, 11, 'Huixquilucan'),
(151, 11, 'Ixtapaluca'),
(152, 11, 'Metepec'),
(153, 11, 'Naucalpan de Juárez'),
(154, 11, 'Nezahualcóyotl'),
(155, 11, 'Nicolás Romero'),
(156, 11, 'Tecámac'),
(157, 11, 'Texcoco'),
(158, 11, 'Tlalnepantla de Baz'),
(159, 11, 'Toluca'),
(160, 11, 'Tultitlán'),
(161, 11, 'Valle de Chalco Solidaridad'),
(174, 12, 'Acámbaro'),
(175, 12, 'Apaseo el Grande'),
(176, 12, 'Celaya'),
(177, 12, 'Guanajuato'),
(178, 12, 'Irapuato'),
(179, 12, 'León'),
(180, 12, 'Pénjamo'),
(181, 12, 'Salamanca'),
(182, 12, 'San Francisco del Rincón'),
(183, 12, 'San Miguel de Allende'),
(184, 12, 'Silao de la Victoria'),
(185, 12, 'Uriangato'),
(189, 13, 'Acapulco de Juárez'),
(190, 13, 'Chilpancingo de los Bravo'),
(191, 13, 'Iguala de la Independencia'),
(192, 13, 'Taxco de Alarcón'),
(193, 13, 'Zihuatanejo de Azueta'),
(196, 14, 'Actopan'),
(197, 14, 'Huejutla de Reyes'),
(198, 14, 'Ixmiquilpan'),
(199, 14, 'Pachuca de Soto'),
(200, 14, 'Tizayuca'),
(201, 14, 'Tula de Allende'),
(202, 14, 'Tulancingo de Bravo'),
(203, 15, 'Guadalajara'),
(204, 15, 'El Salto'),
(205, 15, 'Lagos de Moreno'),
(206, 15, 'Puerto Vallarta'),
(207, 15, 'San Pedro Tlaquepaque'),
(208, 15, 'Tepatitlán de Morelos'),
(209, 15, 'Tlajomulco de Zúñiga'),
(210, 15, 'Tlaquepaque'),
(211, 15, 'Tonalá'),
(212, 15, 'Zapopan'),
(213, 15, 'Zapotlán el Grande'),
(218, 16, 'Apatzingán'),
(219, 16, 'Hidalgo'),
(220, 16, 'La Piedad'),
(221, 16, 'Lázaro Cárdenas'),
(222, 16, 'Morelia'),
(223, 16, 'Pátzcuaro'),
(224, 16, 'Uruapan'),
(225, 16, 'Zamora'),
(233, 17, 'Cuautla'),
(234, 17, 'Cuernavaca'),
(235, 17, 'Jiutepec'),
(236, 17, 'Temixco'),
(237, 17, 'Yautepec'),
(240, 18, 'Acaponeta'),
(241, 18, 'Bahía de Banderas'),
(242, 18, 'Compostela'),
(243, 18, 'Santiago Ixcuintla'),
(244, 18, 'Tepic'),
(245, 18, 'Xalisco'),
(247, 19, 'Apodaca'),
(248, 19, 'Cadereyta Jiménez'),
(249, 19, 'García'),
(250, 19, 'General Escobedo'),
(251, 19, 'Guadalupe'),
(252, 19, 'Juárez'),
(253, 19, 'Linares'),
(254, 19, 'Monterrey'),
(255, 19, 'Montemorelos'),
(256, 19, 'San Nicolás de los Garza'),
(257, 19, 'San Pedro Garza García'),
(258, 19, 'Santa Catarina'),
(262, 20, 'Huajuapan de León'),
(263, 20, 'Juchitán de Zaragoza'),
(264, 20, 'Oaxaca de Juárez'),
(265, 20, 'Puerto Escondido'),
(266, 20, 'Salina Cruz'),
(267, 20, 'San Juan Bautista Tuxtepec'),
(268, 20, 'Tehuantepec'),
(269, 21, 'Atlixco'),
(270, 21, 'Cholula'),
(271, 21, 'Cuautlancingo'),
(272, 21, 'Huejotzingo'),
(273, 21, 'Puebla'),
(274, 21, 'San Andrés Cholula'),
(275, 21, 'San Martín Texmelucan'),
(276, 21, 'San Pedro Cholula'),
(277, 21, 'Tehuacán'),
(278, 21, 'Teziutlán'),
(284, 22, 'Amealco de Bonfil'),
(285, 22, 'Cadereyta de Montes'),
(286, 22, 'Corregidora'),
(287, 22, 'El Marqués'),
(288, 22, 'Ezequiel Montes'),
(289, 22, 'Huimilpan'),
(290, 22, 'Jalpan de Serra'),
(291, 22, 'Pedro Escobedo'),
(292, 22, 'Querétaro'),
(293, 22, 'San Juan del Río'),
(294, 22, 'Tequisquiapan'),
(299, 23, 'Bacalar'),
(300, 23, 'Benito Juárez'),
(301, 23, 'Cozumel'),
(302, 23, 'Felipe Carrillo Puerto'),
(303, 23, 'Isla Mujeres'),
(304, 23, 'José María Morelos'),
(305, 23, 'Lázaro Cárdenas'),
(306, 23, 'Othón P. Blanco'),
(307, 23, 'Puerto Morelos'),
(308, 23, 'Solidaridad'),
(309, 23, 'Tulum'),
(314, 24, 'Cd. Valles'),
(315, 24, 'Matehuala'),
(316, 24, 'Rioverde'),
(317, 24, 'San Luis Potosí'),
(318, 24, 'Soledad de Graciano Sánchez'),
(321, 25, 'Ahome'),
(322, 25, 'Angostura'),
(323, 25, 'Choix'),
(324, 25, 'Concordia'),
(325, 25, 'Cosalá'),
(326, 25, 'Culiacán'),
(327, 25, 'El Fuerte'),
(328, 25, 'Elota'),
(329, 25, 'Escuinapa'),
(330, 25, 'Guasave'),
(331, 25, 'Mazatlán'),
(332, 25, 'Mocorito'),
(333, 25, 'Navolato'),
(334, 25, 'Rosario'),
(335, 25, 'Salvador Alvarado'),
(336, 25, 'San Ignacio'),
(337, 25, 'Sinaloa'),
(352, 26, 'Agua Prieta'),
(353, 26, 'Cajeme'),
(354, 26, 'Guaymas'),
(355, 26, 'Hermosillo'),
(356, 26, 'Huatabampo'),
(357, 26, 'Navojoa'),
(358, 26, 'Nogales'),
(359, 26, 'Puerto Peñasco'),
(367, 27, 'Balancán'),
(368, 27, 'Cárdenas'),
(369, 27, 'Centla'),
(370, 27, 'Centro'),
(371, 27, 'Comalcalco'),
(372, 27, 'Cunduacán'),
(373, 27, 'Emiliano Zapata'),
(374, 27, 'Huimanguillo'),
(375, 27, 'Jalapa'),
(376, 27, 'Jalpa de Méndez'),
(377, 27, 'Jonuta'),
(378, 27, 'Macuspana'),
(379, 27, 'Nacajuca'),
(380, 27, 'Paraíso'),
(381, 27, 'Tacotalpa'),
(382, 27, 'Teapa'),
(383, 27, 'Tenosique'),
(398, 28, 'Altamira'),
(399, 28, 'Ciudad Madero'),
(400, 28, 'Matamoros'),
(401, 28, 'Nuevo Laredo'),
(402, 28, 'Reynosa'),
(403, 28, 'Tampico'),
(404, 28, 'Victoria'),
(405, 29, 'Apizaco'),
(406, 29, 'Chiautempan'),
(407, 29, 'Huamantla'),
(408, 29, 'Tlaxcala'),
(409, 29, 'Zacatelco'),
(412, 30, 'Boca del Río'),
(413, 30, 'Coatzacoalcos'),
(414, 30, 'Córdoba'),
(415, 30, 'Martínez de la Torre'),
(416, 30, 'Minatitlán'),
(417, 30, 'Orizaba'),
(418, 30, 'Poza Rica de Hidalgo'),
(419, 30, 'Tuxpan'),
(420, 30, 'Veracruz'),
(421, 30, 'Xalapa'),
(427, 31, 'Kanasín'),
(428, 31, 'Mérida'),
(429, 31, 'Progreso'),
(430, 31, 'Tizimín'),
(431, 31, 'Umán'),
(432, 31, 'Valladolid'),
(434, 32, 'Calera'),
(435, 32, 'Fresnillo'),
(436, 32, 'Guadalupe'),
(437, 32, 'Jerez'),
(438, 32, 'Loreto'),
(439, 32, 'Río Grande'),
(440, 32, 'Sombrerete'),
(441, 32, 'Tlaltenango de Sánchez Román'),
(442, 32, 'Zacatecas');

-- configuracion (casillas vacías)
DELETE FROM `configuracion`;
INSERT INTO `configuracion` (`id`, `clave`, `valor`, `descripcion`, `fecha_actualizacion`) VALUES
(1, 'monto_minimo_envio_gratis', '', 'Monto mínimo para envío gratis', '2026-06-05 18:18:14'),
(2, 'costo_envio', '', 'Costo de envío cuando no se alcanza el mínimo', '2025-12-03 18:25:23'),
(5, 'carrusel_intervalo', '', 'Intervalo del carrusel destacado (segundos)', '2026-03-11 19:27:16'),
(6, 'mostrar_stock', '', 'Mostrar stock disponible en productos', '2026-03-12 22:10:39'),
(7, 'nombre_tienda', '', 'Nombre de la tienda (visible para usuarios)', '2026-03-16 22:30:13'),
(8, 'email_smtp_host', '', 'Servidor SMTP (ej: mail.hostinger.com)', '2026-03-20 21:15:29'),
(9, 'email_smtp_port', '', 'Puerto SMTP (587 TLS / 465 SSL)', '2026-03-20 21:15:29'),
(10, 'email_smtp_user', '', 'Usuario SMTP (correo remitente)', '2026-03-20 21:33:16'),
(11, 'email_smtp_pass', '', 'Contrasena SMTP', '2026-03-20 21:15:29'),
(12, 'email_from_nombre', '', 'Nombre del remitente', '2026-03-20 20:35:17'),
(13, 'email_from_email', '', 'Correo del remitente', '2026-03-20 21:33:16'),
(14, 'email_confirmacion_asunto', '', 'Asunto confirmacion', '2026-03-20 20:35:17'),
(15, 'email_confirmacion_cuerpo', '', 'Cuerpo confirmacion', '2026-03-20 21:15:29'),
(16, 'email_solicitud_inventario_asunto', '', '', '2026-05-06 02:24:52'),
(17, 'email_solicitud_inventario_cuerpo', '', '', '2026-05-06 15:53:26'),
(18, 'dashboard_estado_ventas', '', 'Estado mínimo de pedido para considerar una venta en el dashboard', '2026-05-07 18:54:06'),
(28, 'email_solicitudes_activo', '', 'Enviar correo al representante cuando crea una solicitud de inventario', '2026-05-08 17:25:15'),
(29, 'email_prueba_destinatario', '', 'Si está configurado, todos los correos se redirigen a este destinatario de prueba', '2026-05-08 17:25:15'),
(67, 'activar_envio_correo', '', 'Activar envío de correos automáticos', '2026-05-09 18:00:06'),
(68, 'correo_prueba', '', 'Correo de prueba (redirige todos los envíos a esta dirección)', '2026-06-05 18:20:17'),
(102, 'correo_copia_solicitudes', '', 'Copia de solicitudes de inventario (CC al admin cuando un representante solicita)', '2026-05-13 23:29:52'),
(127, 'correo_notif_por_verificar', '', 'Notificación interna cuando un pedido entra a Por Verificar', '2026-05-13 23:53:57'),
(171, 'terminos_condiciones_url', '', 'URL pública de Términos y Condiciones', '2026-06-03 17:41:29'),
(172, 'aviso_privacidad_url', '', 'URL pública de Aviso de Privacidad', '2026-06-03 17:41:29');

-- metodos_pago (7, sin credenciales, inactivos)
DELETE FROM `metodos_pago`;
INSERT INTO metodos_pago (metodo, nombre_display, descripcion, activo, flujo_a, flujo_b, flujo_c, flujo_d, orden) VALUES
('transferencia', 'Transferencia bancaria', 'Pago por transferencia SPEI', 0, 1, 1, 1, 1, 1),
('efectivo',      'Efectivo',               'Pago en efectivo contra entrega', 0, 1, 1, 1, 1, 2),
('oxxo',          'OXXO',                   'Pago en tiendas OXXO', 0, 1, 1, 1, 1, 3),
('paypal',        'PayPal',                 'Pago con PayPal o tarjeta', 0, 1, 1, 1, 1, 4),
('mercado_pago',  'Mercado Pago',           'Pago con Mercado Pago', 0, 1, 1, 1, 1, 5),
('ecartpay',      'EcartPay',               'Pago con tarjeta en línea vía EcartPay', 0, 1, 1, 1, 1, 6),
('liga_pago',     'Liga de pago',           'Enlace de pago compartible', 0, 1, 1, 1, 1, 7);
